Color_morph,Diameter_se,Diameter
Blue,0.3747662612346358,32.883720930232556
Brown,0.3053392007064976,24.11764705882353
Green,0.34524188702234554,11.475113122171946
